Domain,MainlandMonthlyVisits,AdultValue
cn.pornhub.com,39934378,22
xvideos.com,31467158,31
pornhub.com,29357751,35
fulibus.net,26143091,10
avmask.com,17922849,21
cc3001.dmm.co.jp,15852955,17
pixiv.net,15381281,14
btsow.club,13285436,21
viidii.info,13243085,11
xnxx.com,10081608,42
t66y.com,9274294,15
greasyfork.org,8997363,6
m.chaturbate.com,7221103,68
yandex.com,6878982,22
m.spankbang.com,6696414,39
f.wonderfulday28.live,6580259,11
xhamster10.com,5962442,36
bbs.level-plus.net,5930637,15
18comic.site,5208440,10
n43a.com,5044410,14
acg18.moe,5040613,9
115.com,4978899,10
feimaoyun.com,4804983,10
game.granbluefantasy.jp,4490624,11
video-hw.xvideos-cdn.com,4207299,40
myactivity.google.com,4155068,17
imdb.com,4122195,8
gtloli.net,4102284,10
exhentai.org,4096176,18
amazon.co.jp,4045629,7
javbus.com,4032978,30
stboy.net,4001278,14
hao.su,3987250,7
m.gushidaquan.cc,3978900,22
xapi.juicyads.com,3974877,38
share.i91av.org,3878411,9
nhentai.net,3733975,26
91porn.com,3711897,20
bhhc0779.com,3681857,12
hxcpp4.com,3599208,13
ap01.cc,3591614,19
terrapsps.com,3512527,40
dmm.co.jp,3511073,38
rpc-php.trafficfactory.biz,3487244,46
m.myfreecams.com,3479279,24
redtube.com,3461971,65
cangku.moe,3393459,9
98ddt.xyz,3325948,10
moxing.red,3323534,16
nexusmods.com,3275849,10
busjav.work,3261055,11
south-plus.org,3239638,18
cn.pornhubpremium.com,3221958,22
hacg.tw,3195120,7
liuli.se,3185120,11
hxcpp5.com,3136422,15
www1.downsx.club,3105450,6
zodgame.xyz,3078168,10
98lst.space,2953913,10
hmoe.moe,2951693,9
18comic.live,2948721,12
javdb4.com,2947446,10
jp.pornhub.com,2906925,57
xhamster.com,2894897,56
app.91porn005.me,2892559,14
awacgg2.vip,2875729,8
371zhongyi.com,2866986,14
dlsite.com,2849970,23
bbs.ongacg.com,2817274,8
e-hentai.org,2758246,31
youporn.com,2720847,61
jojoinin.com,2690566,22
n1pd.com,2653754,9
bbs.imoutolove.me,2504075,10
url302.icu,2503934,12
0mag.net,2489170,17
dmmbus.co,2489124,10
hotcleaner.com,2431221,14
98tang.com,2429527,11
javlibrary.com,2371580,39
ikools.com,2361201,20
zllacg.com,2346495,8
avtb8899.com,2251466,7
shuaigay.us,2247808,15
avsox.host,2229105,17
clcassd.com,2194510,23
hjd.yuey2048.net,2175211,12
ciligou.top,2150892,11
download.bbcb.tw,2113728,13
sosobta.cn,2094022,21
masiro.moe,2081228,9
avgle.com,2078744,34
p42u.com,2055893,15
theporndude.com,2044147,59
cl.321i.xyz,2036360,7
dufile.com,1965656,19
yahoo.co.jp,1951744,13
chan.sankakucomplex.com,1928677,27
sdhfbvd.com,1927043,22
bbs.south-plus.org,1917394,9
search.yahoo.co.jp,1904801,11
xnxx.tv,1900409,37
clttr.xyz,1897147,10
anti110.icu,1834409,12
ciligou.app,1833177,10
www1.downsx.rocks,1822683,6
77file.com,1819095,13
kan84.tv,1815517,11
assdrty.com,1801233,10
bcy.net,1785705,6
sehuatang.org,1774202,31
rarbgmirror.org,1771772,8
mega.nz,1759618,7
cunhua.club,1745643,14
vid4-l3.xvideos-cdn.com,1728869,32
thzn.cc,1727703,10
zh.nyahentai.pro,1725806,18
tadaigou.com,1716185,13
patreon.com,1713480,16
dmmbus.work,1705968,13
dmvbdfblevxvx.com,1688492,38
tt1069.com,1676716,22
finedac.com,1666088,17
rmdown.com,1661502,8
u3c3.com,1658798,13
idanmu.at,1646011,9
zhainanba.net,1640271,10
ja.wikipedia.org,1637052,8
video-hw.xnxx-cdn.com,1634877,28
www1.hgcdown.rocks,1613272,6
javbus.icu,1612189,7
www1.downsx.net,1611592,6
galgamezd.org,1603394,9
seedmm.work,1597211,11
acghgame.com,1578618,6
javdb.com,1569674,35
cunhua.co,1556323,12
sukebei.nyaa.si,1533593,26
tellme.pw,1533445,21
dongtaiwang.com,1521983,9
clb.biz,1519431,11
btio.pw,1508406,12
chachaba.com,1496475,7
moxtu.cc,1482695,8
627.workarea7.live,1471897,15
tucao.one,1440883,7
awacgg3.vip,1440184,8
b6b4rhsbdawj.com,1437343,13
520mojing.com,1435063,15
vk.com,1431122,6
pornhdvideos.net,1426410,65
anybunny.tv,1419821,65
xhs6.top,1406086,16
693836.com,1401408,9
mimishequ8.com,1401379,9
ttoc8ok.com,1397726,16
tw.manhuagui.com,1390653,9
pbs.twimg.com,1380098,13
dmmbus.bid,1376233,11
cradver.livejasmin.com,1373579,58
2dfan.com,1372976,12
cbtownship.com,1365437,21
cdnbus.cloud,1359411,11
no404.icu,1358705,9
tsyndolls.com,1355680,13
gmgard.com,1344977,9
manhuagui.com,1343304,8
xiuxiqu.live,1340687,8
567pan.com,1326145,11
btdad.buzz,1322200,12
vid1-l3.xvideos-cdn.com,1320950,34
ampugi334f.com,1319945,16
axdsz.pro,1306210,45
nicemoe04.com,1303802,9
saucenao.com,1301684,9
hpjav.tv,1297759,42
thzk.cc,1296178,10
hjcqp.yunsennet.com,1296020,10
yande.re,1294654,18
qixiazai.com,1294159,26
lightnovel.cn,1278777,6
j41g.com,1278427,13
yikeyz.com,1277889,20
vid3-l3.xvideos-cdn.com,1275041,37
jkpan.cc,1273120,10
pics.dmm.co.jp,1271688,42
www1.hgcdown.net,1270833,7
98ssw.space,1262833,9
coolcloudx.com,1259783,8
sukebei.nyaa.net,1257195,27
dh.downmz.xyz,1253880,6
blog.reimu.net,1253827,10
mmgal.com,1252933,7
m.ixinwei.com,1247381,9
u44r.com,1242165,14
crptgate.com,1239981,60
artstation.com,1234698,6
iboy1069.org,1233589,18
accounts.pixiv.net,1224802,19
cunhua.life,1222915,11
sosobtpan.com,1221960,21
bbs.ikfol.com,1220080,8
726.workarea10.live,1217206,15
savido.net,1214521,13
poku.tv,1200248,8
ecchi.iwara.tv,1186523,21
d2pt4.com,1186311,7
sosobtp.com,1178895,20
seedmm.cloud,1171682,12
008jn.com,1162114,8
r18.com,1161626,48
512539700c.top,1155598,10
moxing.id,1155202,11
qtfy.cn,1128527,18
youjizz.com,1121077,60
downloadhelper.net,1111673,24
18av.mm-cg.com,1108791,34
m.wnacg.com,1095496,16
vimeo.com,1086975,9
gamewith.jp,1085027,11
sleazyfork.org,1083294,18
pan.bitqiu.com,1076801,6
dmmsee.work,1076298,14
zh.chaturbate.com,1076135,31
up01.cc,1075000,28
cdnbus.cc,1072121,10
proxyrarbg.org,1069933,26
xiaobi015.com,1066454,10
fc2club.com,1066096,20
belombrea.com,1065120,10
meitulu.com,1063711,22
ccleaner.com,1060602,8
acgbuster.moe,1050398,12
btmovi.space,1041731,10
lightnovel.us,1038445,7
torrentkitty.vip,1036988,14
danbooru.donmai.us,1032649,21
m.kanshuzhong.cc,1012050,11
ss9874.com,1010056,18
btmoo.com,1007891,7
lelechen.com,1007693,9
bi-si2.xyz,1004696,9
ja.erocool.com,1001136,35
busdmm.cloud,995392,9
pornhubpremium.com,991132,33
yueyingzi2016.com,986842,11
eclzz.me,986551,9
dmmbus.cloud,983731,10
btfan.com,980132,14
game8.jp,972905,7
climax361.site,970408,18
appmedia.jp,968809,9
help.twitter.com,965387,6
bestjavporn.com,964491,49
soupv.cn,964166,18
esjzone.cc,956465,8
sou-tong.xyz,956214,26
sobt5.in,953621,8
torrentkitty.me,949219,9
sexinsex.net,945573,25
eclzz.xyz,945304,9
jkforum.net,944657,23
sis001.com,942939,24
bt.cosxcos.org,941991,7
sobt0.com,940297,9
shuyueba.cc,938042,7
deviantart.com,937756,13
t.thzdz2.com,935281,12
konachan.com,932979,19
imgur.com,929313,6
xun-niu.com,928531,11
rarbg.to,918033,13
dmmsee.cloud,914757,10
kaimu88.com,914533,22
video.twimg.com,898098,14
busjav.men,896960,10
south-plus.net,896351,17
nutaku.net,896220,33
zhainanfulishe123.com,891598,19
64p3am9x95ct.com,887891,14
wikiwiki.jp,886794,10
souid.com,883024,15
d2pt2.com,879989,8
xiacoo.com,876379,6
imagetwist.com,875545,50
poedb.tw,875228,7
zh.nyahentai.cc,868466,11
qqcff3.com,865871,8
busjav.icu,865851,13
roson.in,865439,9
homepagecached.com,865391,8
zooqle.com,864341,7
bongacams.com,863701,48
creative.hpyrdr.com,860478,48
c-upp.com,859814,12
freepornfull.com,859105,56
rargb.to,858929,6
www5.javmost.com,851038,42
app.swag.live,850638,23
vjav.com,849951,65
indianpornvideo.org,847699,45
renta.papy.co.jp,845629,8
nqrkzcd7ixwr.com,843943,14
moxing.one,830239,12
pinterest.jp,827676,10
sstm.moe,823325,14
jusege.ch,823216,24
asewlfjqwlflkew.com,821766,31
lvv2.com,821259,12
level-plus.net,817672,15
dmm.com,817462,17
ziyuanm.com,812737,10
biedian.me,809024,11
wnacg.wtf,808261,18
flickr.com,806505,12
pay.w27.rocks,803190,13
es54i9g7p7xh.com,802794,19
cili123.me,802622,10
asia.wargaming.net,800301,6
1069boys.net,798020,36
awacgg.vip,795960,8
chaturbate.global,793850,15
7msp8.com,792716,7
yaochanglai.com,791319,24
xn--bck3aza1a2if6kra4ee0hf.gamewith.jp,789849,10
tumblr.com,787826,9
yifile.com,780441,9
galgamezd.cc,776574,10
javdoe.tv,771475,50
acgft.club,771440,9
p3.csgfnmdb.xyz,770736,9
tor01.com,769804,16
pornbus.com,762072,46
sex.com,758708,61
zhainanmao.la,757206,16
yyfensi.com,755793,8
8gzijqo4c85j.com,755444,18
javtorrent.me,751504,47
tube8.com,748350,71
ss555.1122iipp.xyz,747335,7
web.archive.org,744935,9
pigguli.com,744364,7
yimuhe.com,743286,8
k6.csnmdcjnx.com,741683,19
192td.com,738196,25
f.w24.rocks,737532,14
crsososo.xyz,733062,9
skrbt16.icu,732821,10
thumbzilla.com,731371,64
zh.a-upp.com,731358,9
rapidgator.net,730395,21
network.nutaku.net,729946,37
moe-li.com,724593,12
rarbgmirror.com,723129,11
hacg.me,721522,10
18asmr.org,720796,8
buscdn.cloud,720291,11
sehuatang.net,715392,20
fbisb.com,713278,6
xiaobi009.com,708373,7
mbga.jp,707848,8
cl.tu2s.tk,703144,9
mzitu.com,703083,11
jdlingyu.mobi,702633,10
tsyndicate.com,702297,70
btfox.in,702259,11
eclzz.com,701633,10
tgp1.brazzersnetwork.com,700784,50
mikuclub.org,700463,9
dh.1024mzs.pw,699617,7
cn.aa101.live,699046,12
javbus.one,695729,14
funletu.com,694483,9
btos.pw,692260,13
soucili.me,687689,7
xiaobi017.com,687030,15
connect.mobage.jp,687027,9
torrentkitty.tv,686897,32
hggard.com,684519,8
0chong.com,681773,7
playstation.com,681732,6
bbs.tjdige.com,680694,15
0klxjejyxak3.com,679801,19
91zzz.vip,678633,16
yeg99ba.site,677097,14
c080.me,676097,17
bbs.stboy.net,675503,14
imcsea.net,674252,11
0112.workarea4.live,673810,6
bitcq.com,671573,14
tokyotosho.info,668818,19
altema.jp,668436,9
zuiaiszx.com,667908,23
btsowso.vip,664031,10
zh.nyahentai.co,660164,8
cn.as101.shop,659666,10
700gb.com,659261,21
javbusxx.com,657617,23
rajwap.xyz,656516,60
cool18.com,656163,13
xgmn.org,651649,20
xiuren.com,651186,21
xiaojianjian.net,650021,8
hanime.tv,649250,34
spankbang.com,648585,52
cmoa.jp,647426,11
cdnbus.men,646417,13
mmonly.cc,644060,12
yueyingzi2017.com,642910,21
hjd.xzt2048.biz,641528,8
amanda.tncrun.net,640190,25
anime1.me,639463,8
nicovideo.jp,638930,14
18asmrby.com,637189,8
myreadingmanga.info,636876,14
xvideos.net,636753,41
forhertube.com,634764,53
get.adobe.com,632229,7
i.imgur.com,631947,9
support.mozilla.org,629677,10
1337x.to,628647,7
saigaocy.moe,626525,7
shanximovie.com,623661,39
m.wnacg.org,621622,22
caoniang.com,620438,7
bi-si777.xyz,617625,15
zuixindizhi.org,617444,11
nyanvo.com,614388,8
dadadahuangya.vip,612844,18
similarsites.com,612593,17
liquipedia.net,611967,6
cn.aq101.cool,611193,10
img599.net,609312,16
fuli.fan,608697,9
f95zone.to,604692,36
novel.zhwenpg.com,604055,7
nztd25.com,603994,7
torrentkitty.app,601446,13
special.dmm.co.jp,599675,37
porn5f.cc,598433,34
fcww20.com,597843,8
nanrenvip.city,594912,11
1024zi.com,594768,6
haorenka.org,593795,8
a3jenhkmqwnl.com,593399,14
similarweb.com,592431,7
ipf001.com,591490,12
nvshens.net,590716,21
loveheaven.net,590668,12
dh.downmn.com,590315,7
2046pro.com,588595,7
ofphanpytor.com,588411,23
askyaya.com,587728,12
btshe.xyz,587430,9
themoviedb.org,587295,11
btsous.com,582823,11
fby.elsbfby.com,582679,15
dear1.xyz,581894,8
ixxx.com,580154,66
cdnbus.work,579588,14
qingse.one,578512,41
1024ya.com,575764,6
torrentfunk.com,573083,11
discogs.com,573043,7
m.octopgo.com,572697,13
fxpan.com,570826,10
bidongmh.com,570767,29
lx.heikeyun.com,570301,7
gorpg.club,568921,10
vyg.net,568843,19
klouderr.com,567445,20
hitomi.la,565941,30
upload.wikimedia.org,565099,6
lsjxs2.xyz,563168,14
jav321.com,561886,47
mhw.wiki-db.com,560551,12
warframe.market,560093,6
9moe.com,559573,8
uploaded.net,559281,14
blog.livedoor.jp,557402,12
encrypted-tbn0.gstatic.com,555750,10
cartoonmad.com,555020,7
lanvshen.com,551531,22
fanqianglu.com,549355,36
sex8.cc,547050,22
d72gb9oukw3j.com,545205,15
busjav.cloud,545195,11
beeg.com,544155,64
nyaa.si,541843,20
zanyiba.com,540743,17
newfhk.com,540253,13
xnxxfap.com,539577,67
7160.com,539246,17
i.pinimg.com,538607,13
main.exoclick.com,537164,58
kamigame.jp,537015,9
haociso.com,533653,22
bccard.xyz,531242,8
seesaawiki.jp,530903,29
go.stripchat.com,530566,16
kf.miaola.info,530378,18
axutongxue.github.io,529152,8
xvideo.one,528618,55
fpie1.com,523406,7
dailymotion.com,522968,7
ciliba.live,522911,9
sur.ly,522691,20
b0omr3wn6u4b.com,521305,15
heikeyun.com,521285,8
bbs.mikocon.com,521246,20
poe.ninja,518822,8
skrbt22.icu,518185,9
hcomicurl.xyz,518057,9
kccdk.com,517886,17
btshe.net,515131,10
cn.av101.pro,514454,9
crentgate.com,514278,64
jusege.cz,513569,9
c800.me,512047,20
fttattoo.com,511828,19
nms.vin,510767,10
fanhao.zol.hk,509229,21
netflav.com,509228,35
playno1.com,508913,32
216234234234v.top,507920,14
arbz.info,507419,8
busdmm.work,507322,9
yx.nmxloh65.net,506448,21
btfox.co,504137,12
m5.22a.im,503278,9
22tang.me,502260,13
js.theng.cn,500730,17
jable.tv,500626,33
sexvid.xxx,500015,76
yeitu.com,499747,21
iqdb.org,495475,14
pan.eehhtt.ws,494791,6
nijiyome.jp,492078,22
snh0048.com,491803,18
ahmog.com,491623,12
finding-love-is-easy.com,490967,20
javpop.com,489971,40
kstuotian.com,489885,22
74as.com,489544,15
nsfwpicx.com,489464,19
macup.net,488674,13
naqub.cn,487772,8
sarah.tncrun.net,486599,21
pathofexile.com,486590,9
okfanhao.com,486264,22
prpops.com,484767,22
qiumeimei.com,484130,22
9c9c.cc,483424,24
zhangyusousuo.com,482591,12
a.mthb.cc,482098,28
xiaobi013.com,482062,7
p3.csgfnmdb.pw,480793,18
cn.as101.cc,480092,15
h2.acgcool.xyz,478880,7
thehentaiworld.com,478305,36
last.fm,478176,7
javdove6.site,477947,15
btt904.com,476899,50
bt120718.icu,476340,10
showroom-live.com,473663,9
peropero.pw,472036,10
pc-play.games.dmm.co.jp,471754,17
936688.com,470857,23
qfanw.com,470746,24
gaycn.top,468170,7
xtube.com,468120,67
ncode.syosetu.com,465644,12
loverslab.com,465004,15
xvideos.red,463440,45
biliworld.xyz,463066,8
rsl2dd0twlym.com,461596,20
avny.icu,461548,14
sosomagnet.com,461021,13
moxingbbs.com,460626,14
yaojiwu.com,459746,8
tineye.com,457838,25
tookee.net,457187,23
legalporno.com,456092,69
torrentkitty.net,454574,14
papalah.com,454114,46
es.pornhub.com,452529,28
v.haodianxin.cn,450537,10
asasmr.com,450310,8
jxgroup.org,448671,14
jokerlu.com,448035,38
99disk.com,447887,13
ikuuu.co,445660,10
analdin.com,445117,73
w.2huase.com,443515,20
japonx.net,442574,14
bvv.7yvc.com,441257,16
paijuju.com,441256,19
51porn.uk,441125,27
tyblk.info,440995,7
search.yahoo.com,439434,8
vmgirls.com,438698,16
jp-nightlife.com,436482,28
lake1.icu,436052,10
nogizaka46.com,434695,11
joyhentai.com,434300,35
gdl5vtbbv0lj.com,434285,26
r.lofv.xyz,433458,30
javbus.cc,431922,19
login.yahoo.com,429128,6
q6idnawboy7g.com,428033,21
javhd.today,427341,51
i.ytimg.com,426261,9
k2s.cc,426135,53
eztv.io,425183,7
securitysite.tech,423977,14
895yy.com,422687,14
jyjs.net,422399,19
upload.cc,421715,11
18h.animezilla.com,421245,33
taishu.jp,421135,12
xxx.com,419214,28
ggbases.com,416678,14
machotube.tv,416089,69
api.twitter.com,414704,7
bt120712.icu,414000,8
gumroad.com,413365,8
acg02.com,412429,11
k5.99e5be8a.xyz,411917,18
mgstage.com,411579,50
bbs4.2djgame.net,408700,18
18comic.vip,406134,24
py91.net,405404,21
dieka123.com,401704,17
htamaster.com,399705,23
vlogdownloader.com,399542,11
info.xvideos.com,397343,31
acgke.net,397233,6
btso.pw,397084,12
3ajiepai.com,396617,9
ifulisuo.top,396416,14
jojodl.pw,396115,22
nicemoe02.com,395827,13
goodav17.com,395629,42
259luxu8.com,394904,20
tbrjx.com,394489,14
softcore69.com,394312,48
69vj.com,394105,46
twitcasting.tv,392819,11
redwap.me,392651,71
sansha.in,391688,25
busdmm.icu,391594,19
bt120717.icu,391577,7
sextop.net,390703,39
javfinder.la,390473,45
fantia.jp,390411,23
saveig.org,389387,20
sjhs02.com,388070,10
hooify.com,387525,12
thesun.co.uk,386975,8
jiaozhu.online,386643,35
cn.aq101.store,386596,12
ml4786.com,386266,15
t2u.cc,383956,28
chunsedm.com,383217,7
cn.as101.club,381758,10
ddav04.com,380480,7
ewaglongoo.com,379278,8
nfacg.moe,378378,6
pixhost.to,377096,47
blog.nogizaka46.com,377089,9
777x.com,376047,19
cz.pornhub.com,375625,32
jp.netcdn.space,375187,13
btdig.com,375072,18
itokoo.com,374254,14
gametu.net,373857,8
h3.cnmbtgf.club,373547,21
syndication.dynsrvtbg.com,373509,65
adult.contents.fc2.com,373180,45
kissjav.com,372847,47
177pic.info,372802,36
white-plus.net,372249,17
ttxpp.com,370921,41
bakusai.com,370733,34
bi-si11.xyz,370507,8
aiosearch.com,370406,8
m.mmdaren.com,368771,20
z.ilovejuju.be,367797,44
aff.91porn005.me,367706,14
getchu.com,367138,30
cn.as101.life,366540,15
eastlady.cn,366239,8
javqq.com,365466,40
magnet115.com,365283,17
wnacg.com,365242,16
zhongyiqc.cn,365126,11
whiteant.top,363424,19
jav777.xyz,363029,32
umei.cc,359948,18
91avv8.com,359548,38
14nuzznszbdp.com,358225,27
fc.imgscloud.com,358070,46
acgexp.com,356603,6
pornhubfreeporn.xyz,356251,19
ab.jgjsdl.info,355632,8
meitucha.com,355597,18
hongxing1.com,354063,14
probiller.com,354042,47
noone.ltd,353517,8
iqqtv.cloud,352732,41
watchmygirlfriend.tv,351212,62
so.btdandan.com,350785,9
sexgayjapan.com,350426,45
hanascan.com,349382,13
that3.top,348455,15
cn.aa101.one,347159,10
youivb.com,347134,15
qqloser.com,346415,9
jq.9duw.com,346258,32
onlyfans.com,345769,40
mingrenzl.net,345134,21
warframe.com,344853,7
gelbooru.com,344595,29
passeura.com,344550,12
dirty.games,344524,55
showdou.com,343438,8
kaminfa.cn,342868,10
porn.com,342047,79
doumori.com,341943,7
boards.4chan.org,339885,24
mm131.net,339587,45
yesebb.com,339106,45
torrentdownload.info,338543,6
maocaow.com,338377,25
1080fhd.com,338335,18
asmr18.com,338040,7
daftsex.com,337027,57
18p2p.me,336604,11
free.45yun.net,336569,13
a.acgcool.org,335887,9
yueqi168.com,335473,23
s54.99854.men,334950,8
suruga-ya.jp,333098,26
ascii2d.net,332590,14
xvideos2.com,331475,26
fuacg.com,331436,13
hiyoko.sonoj.net,330558,12
xozilla.com,329123,75
05xz0h2xo799.com,328758,26
qqupload.com,328542,18
cn.ax101.live,324914,10
0s9dxlr07huu.com,324643,26
furaffinity.net,324111,13
85tube.com,323824,33
txxx.com,323554,70
bt.sz260.com,323541,25
258porn.com,323419,40
otakv.cn,323340,7
c-ling.cc,323166,9
crc703.com,323133,10
se.warning.360.cn,322790,6
hugaola.com,322300,23
dh.dogsdxz.com,321933,8
bt.orzx.im,321835,20
torrentkitty.se,320459,15
app.fetcherx.com,319214,20
images.google.com,319085,9
ywxinxi.com,318332,20
rarbgaccess.org,318331,10
picturedata.org,317645,13
69story.com,317569,54
mod.red,317040,10
qingzishe.club,317031,8
171zz.com,316433,11
aiweifulishe.com,316353,17
worldofwarships.asia,315322,9
361tsg.com,315318,25
lao4g.com,315044,7
91831e.com,314763,28
wnacg.org,314466,21
camonster.com,314308,47
katfile.com,313911,18
fuli121.com,313290,18
pastebin.com,312409,8
blogger.com,312021,6
hdmiss.com,311709,32
hypestat.com,311449,17
mgsdaigou8.com,311316,18
avbebe.com,310874,27
icegay.tv,308878,67
cn.av101.style,308611,13
warcraftlogs.com,308452,7
ec.sod.co.jp,308394,27
decai.co,307768,20
bt120716.icu,307340,9
fuliallday.com,306993,9
qianhedh.com,305993,8
gfycat.com,305945,19
s42.3988.xyz,305886,7
fumankong.com,305042,6
eporner.com,304936,65
141jav.com,304174,22
moxing.tel,303968,25
zhongziba.me,302335,6
ibb.co,302257,12
rule34.xxx,302177,33
granbluefantasy.jp,301405,10
asmhentai.com,301252,26
taohuale3.com,300990,20
kkkkba.com,299974,7
javbus.co,299913,18
javmec.com,298205,49
ciliclub.club,297771,6
whichav.video,296837,37
fuq.com,295703,70
picbaron.com,294324,29
brazzersnetwork.com,294127,63
j7rzxe098g5m.com,293910,17
store.nintendo.co.jp,293778,7
avcrempie.com,293436,42
cyuepay.com,292652,12
ddder004.xyz,292280,46
aitaotu.com,292067,26
sobt5.pw,292059,7
ipv6.stboy.net,292000,13
yespornbt.com,291794,18
cilimao.me,291402,13
cdngateway.net,290682,48
500px.com,289943,7
jt-valve.com,289900,12
s48.3988.xyz,289697,8
agoda.com,289617,8
verytt.com,289062,16
d4.wnacg.download,288431,17
auctions.yahoo.co.jp,288399,7
cn1069.app,288278,17
bbs.zhain.net,287973,10
dyzd2.com,287834,18
jsthsly.com,287823,7
pigav.com,287492,31
141jj.com,286905,39
pornhd.com,286187,74
putpan.com,286115,19
lihkg.com,285789,6
alabout.com,285711,28
xn--0ck4aw2h.gamewith.jp,284163,14
worldoftanks.asia,284118,12
tokyomotion.net,283256,40
videolucah.mobi,282759,59
imagecurl.com,282147,33
movie.eroterest.net,281568,42
iporntv.net,281013,61
91.9p9.xyz,280718,8
gaoxiaoba.com,279888,16
animate-onlineshop.jp,279777,8
t.riverhit.com,279516,30
torrentz2.eu,279373,11
avdog2.xyz,278181,13
onejav.com,277978,31
nitroflare.com,277848,10
dudu-sex.biz,275972,31
hujav.com,275857,46
fuliti.com,275431,12
scrolller.com,274870,41
nyahentai.github.io,274393,13
zhongziba.biz,274000,8
chaturbate.com,273629,38
velocitycdn.com,273463,12
czjiamei.com,273163,8
horny-vid.com,273155,17
w13.wme6aqx1.club,273120,13
i.redd.it,272966,10
5280bt.com,271997,26
zswxy.cn,271994,9
xrisetube.com,271921,32
game.capcom.com,271773,9
thegay.com,271101,70
pusacg.org,270342,10
22pixx.xyz,269887,29
blog.nrzj.vip,269104,15
lwkk.com,268266,9
bt027.top,268217,9
javbest.net,267765,45
d2pt5.com,267678,6
lhscan.net,266901,7
uu-gg.cc,266811,12
xfreehdvideos.com,265422,30
zh.fc2index.xyz,264796,13
asgclick.com,264677,32
yasehub.com,262689,13
qssily.com,262101,8
s47.3988.xyz,261747,8
meet-to-fuck.com,261543,47
xupdatemovies.com,260776,29
guaiguaizhanhao.com,260264,10
brazzers.com,260043,53
buxiuse.com,260018,13
s49.3988.xyz,259866,8
atgbbs.com,259127,21
javhoo.org,259009,22
webstatsdomain.org,258967,8
soucili.live,258220,8
fswpan.com,257886,12
md.gvdb.org,257400,49
1.bp.blogspot.com,256037,15
i.ebayimg.com,254934,7
eyny.com,254463,17
sexgayplus.com,254201,49
dic.pixiv.net,254168,11
yeyemo5.com,253404,15
itmtu.com,253269,14
nukemanga.com,252864,34
hp1.xyz,252803,13
kim3.com,252678,12
cn.av101.today,252435,11
18comic.life,252187,18
faapy.com,252116,66
xfantazy.com,251728,66
s44.3988.xyz,251688,8
raidbots.com,250932,8
iqq.today,250539,58
cursor.best,250378,8
f.wonderfulday29.live,250136,15
animeidhentai.com,249667,38
m.btba.92game.net,249277,7
sp.comics.mecha.cc,249223,18
sougouwiki.com,249215,42
moudamepo.com,249147,14
video.fc2.com,248298,48
pic.eehhtt.org,248053,7
javbus.zone,247276,11
kengdie.com,246900,12
gamerch.com,246703,10
bt4mag.com,246506,12
hlsloader.com,246474,32
yambs.net,244886,26
canovel.com,244497,59
heavy-r.com,244403,63
hst.liuyuxuan.com,244241,15
ixinwei.com,243424,9
images-na.ssl-images-amazon.com,242781,7
cyasmr.com,242088,9
boy18tube.com,241859,68
jav.guru,240220,42
torrentgalaxy.to,240173,7
zhainangui.net,239700,10
href.li,239526,15
javcl.com,239245,48
accounts.dmm.co.jp,239201,24
ailuchu.xyz,238876,8
simply-hentai.com,238451,47
av01.tv,238375,44
blackedraw.com,238355,62
ds555.xyz,238131,20
cnlushu.com,237795,13
press.vin,237611,40
spdylek.com,237138,28
javdove.com,237103,46
gotporn.com,236880,73
hsck8.com,236852,9
porn87.com,236815,45
k22.me,236698,13
asianclub.tv,235754,25
hqxmovies.com,235739,30
1000novel.com,235363,66
syosetu.org,235212,16
4058e.com,235065,14
anidex.info,234366,24
king-media.net,233506,56
twdown.net,233206,6
52iv.tv,233067,7
gtloli.app,233007,16
jiecaobao.cc,232958,20
xcao8.com,231829,8
forums.e-hentai.org,231614,17
clg.link,231546,12
18h.mm-cg.com,230776,24
startpage.com,230773,10
7mmtv.tv,229826,45
erogames.com,229788,47
w.atwiki.jp,229325,8
cn.91avv8.com,229129,31
365fuli.website,228897,10
md.drink.cafe,228454,8
theoldreader.com,228372,13
ec.toranoana.jp,228321,21
bt.suobt001.xyz,228093,12
dd9871.com,227466,20
h528.com,226577,53
anime-pictures.net,226295,12
javhd.com,226222,56
clickme.net,225741,26
jsmcrptjmp.com,225387,64
xsnvshen.com,224672,19
classic.wowhead.com,224537,8
dmmsee.icu,224524,7
xls2048.info,224402,21
r18.clickme.net,224372,24
games.dmm.co.jp,223943,20
2258q.com,223930,12
zh.fc2fan.xyz,223680,21
app.famitsu.com,223398,8
vixen.com,223230,65
m.news.naver.com,222912,6
wtao.cc,222608,15
rtyznd.com,222449,39
rarbggo.org,222150,8
meirti.com,222048,23
cilisql.com,221709,8
comic.pixiv.net,221686,9
imgblaze.net,221236,27
mywot.com,220821,9
guomo.biz,220522,18
accounts.dmm.com,220370,16
gifxu.com,220359,24
bluedboys.com,220044,11
gal123.com,219753,12
sehuatang.com,219492,14
gamefaqs.gamespot.com,219372,7
18acg.mobi,219279,8
h28o.com,218560,22
fuckbookmobile.com,218000,33
clg.r7yk.site,217569,8
haiwaiyy.org,217540,6
page.auctions.yahoo.co.jp,217472,7
hmv.co.jp,217285,15
cdn.acloudvideos.com,216976,17
bkcg.org,216484,18
yt3.ggpht.com,216093,9
4chan.org,214180,23
sdkfjxjertertry.com,213736,50
xiaxiab8.com,213367,29
futanaicha.club,213105,9
spankwire.com,212700,73
e621.net,212340,21
xyqdcd.com,212333,11
hotlink.cc,211767,37
iwara.tv,211678,19
cnacg.vip,211605,7
s45.3988.xyz,210984,7
s.zlink2.com,210596,68
gayvl.net,210200,48
myhdjav.net,210007,40
18acg2.mobi,209732,7
lofv.xyz,209199,34
imagebam.com,208766,57
sexloving.net,208405,51
cms-plus1.com,208385,51
gamemale.com,208110,7
nyacademyofsex.com,207649,56
imgbaron.com,207590,29
fentao.cc,206990,12
xx.ddxxx.me,206724,6
f.w23.rocks,206591,12
fapforfun.net,205843,32
pancishe.com,205684,11
zhainanfan.com,204940,18
modelhub.com,204709,66
btkitty.lofter.com,204550,14
instantresp.com,204436,24
busdmm.net,204340,18
baozougif.com,204309,12
zhongzilou.com,203966,12
dietcrap.com,202927,9
tinder.com,202628,7
elitebabes.com,202370,77
xn--odkm0eg.gamewith.jp,201946,16
dailyfuli.online,201897,9
pornhubselect.com,201597,27
timliao.com,201298,13
yy5912.win,201267,17
91dizhi.rocks,200986,16
celebjihad.com,200855,44
1684sm.com,200789,10
jav777.cc,200198,34
ftooww.com,199899,15
blu-ray.com,199535,8
adaranth.com,199471,12
arzon.jp,199146,48
eme66.com,199125,20
tubeoffline.com,198476,44
ciliqi.com,198133,7
iboy1069.com,198025,28
avmemo.asia,197822,22
xhamster9.com,197719,40
ns5240.com,197594,30
xn--kcry11bfnr.com,197380,13
tujidao.com,196935,14
shoporielder.pro,196917,46
youporngay.com,196420,61
torrents.io,195873,7
caribbeancom.com,195858,54
hobby.dengeki.com,195824,11
melonbooks.co.jp,195441,20
rule34.paheal.net,195429,32
yalayi.com,195366,18
yesxxx.top,195266,56
de.pornhub.com,195139,44
66.media.tumblr.com,194651,20
that1.top,194538,12
luckfile.com,194196,18
tonarinoyj.jp,193475,12
qisehua1.com,193456,33
fc2id.com,193251,23
javlib.com,192478,24
g.wonderfulday21.live,192392,12
9191show.com,191532,9
pfappb.com,191484,15
gkdgif.com,191258,10
pornhub.org,190707,29
matome.naver.jp,190555,6
javnew.net,190298,38
privatter.net,189645,7
sese277.info,189378,36
poi3.com,188854,8
usa.jared-don.com,188654,14
yungc1.com,188435,17
7mmtv.cc,188429,31
yingpian.life,188183,15
mtl.gzhuibei.com,187975,31
99bcs.xyz,187922,13
fourpan.com,187905,24
pete826hg.live,187813,16
sou-tong.org,187390,42
mycinema.pro,187235,7
tubeninja.net,186939,18
motherless.com,186938,68
18comic.org,186800,18
itch.io,186675,9
playhome.me,185967,8
go2think.com,185712,8
m.cn1069.net,185456,23
yin22872.blog.fc2blog.us,185256,8
acg.gy,185125,8
d-upps.club,184442,10
chottie.com,183787,27
bet365.com,182655,10
boards.4channel.org,182301,13
multi.xnxx.com,182139,71
afu88.com,181397,19
2019moban.com,180775,20
moddb.com,180501,8
m.media-amazon.com,179917,8
shadowverse.gamewith.jp,179784,13
usd.jared-don.com,179507,15
x-art.com,178735,64
sxyprn.com,178493,44
hsex.men,177982,19
afreecatv.com,177936,9
fearlessrevolution.com,177904,8
enter.javhd.com,177504,47
syndication.dynsrvwer.com,177390,85
porntrex.com,176775,61
reimu.net,176357,10
lv999max.com,176269,10
kcpon.com,175696,17
g117.workgreat20.live,175636,16
qtfyfl.com,175286,28
md.pub,174509,17
freepornvideo.sex,174134,74
home.gamer.com.tw,174121,8
cn1069.club,173756,27
youzhaishe.com,173634,23
jav101.com,173522,33
pad.skyozora.com,173334,9
dougle.one,172668,34
blacked.com,172577,63
xhamster2.com,172515,40
hentaimama.com,172078,71
jpfx678.blog.fc2blog.us,172068,19
itorrents.org,171916,8
alfafile.net,170961,23
best2019-games-web4.com,170865,21
commons.wikimedia.org,170730,8
javvids.com,170722,55
btbaocai.biz,170681,11
xiaoyige8.com,170226,29
gifmao.com,169994,12
hjd.kop2048.net,169028,44
date.sugging.org,169028,25
notepin.co,168818,10
caregirl.net,168816,26
idope.se,168688,9
cams.com,168130,60
cumshots.com,167385,60
8muses.com,167002,40
slm0066.com,166889,8
gaymaletube.com,166860,52
landing.brazzersnetwork.com,166669,44
1377x.to,166383,7
shonenjumpplus.com,166139,10
jpvrporn.com,166001,35
paodidi.top,165806,12
taoyuan1024.us,165791,11
xxxnovel.com,165789,61
5ajw.com,165670,34
hello.fuckbookmobile.com,165584,35
diggbtcn.me,165557,13
xnxx.irish,165486,51
fuckbook.tv,165234,35
13dl.net,164930,14
pornhat.com,164859,71
aa9969.com,164786,18
yespornplease.com,164611,52
sexu.com,164601,75
www1.watchmygirlfriend.to,164417,26
beautyleg8.top,164324,23
fow.kr,164099,7
point.dmm.com,164028,18
46g.cn,163721,27
freejavporn.mobi,163520,54
sankakucomplex.com,163427,28
men.com,163356,56
ivzhongzi.net,162882,10
moeimg.net,162697,31
porno800.com,162677,58
pornmd.com,162601,69
ashemaletube.com,162491,67
myfreecams.com,162222,48
i1.wp.com,161892,16
comic-walker.com,161764,12
gaytorrent.ru,161755,43
r.search.yahoo.com,161603,12
like3.pw,161310,10
u5tu.com,161163,22
jojodl.com,160896,40
yavtube.com,160134,59
redhdtube.xxx,159881,70
thetv.jp,159590,11
gueizu.com,159446,14
booth.pm,159207,12
good123.xyz,159022,11
mexa.sh,158830,21
mhwg.org,158768,10
imgair.net,158205,33
gall.dcinside.com,158174,6
gay-torrents.net,158093,34
uploadgig.com,157375,23
hentaidude.com,157103,42
twittervideodownloader.com,156903,10
nijiyome.com,156859,25
playvids.com,156822,72
xvideos.es,156506,39
gss0.bdstatic.com,156495,18
crentexgate.com,155753,60
pikabika.com,155642,8
hiporn.net,155438,25
ho5ho.com,155429,25
dic.nicovideo.jp,155205,9
tupian1.cc,154775,9
xnxx.es,154741,14
find-soulmates.com,154592,12
91.wonderfulday22.live,153974,7
spring4u.info,153453,24
thisav.com,153326,44
avcool.pw,153273,11
hcomicurl3.xyz,152970,18
mangakakalot.com,152960,10
boodigo.com,152748,47
jp.finalfantasyxiv.com,152689,8
javplayer.com,152626,39
anime.eroterest.net,152433,38
zhongzidaohang.cn,152379,10
jp.spankbang.com,150776,54
lmmpic.com,150068,11
hcomicurl2.xyz,150015,8
9gty.net,149771,29
amiami.com,149758,6
91jpav.com,149654,67
vporn.com,149582,72
tubxporn.com,149467,68
bipics.net,149318,7
twipu.com,149279,36
javfree.me,149264,43
xyhzn.com,149101,28
hd.club.tw,148984,8
limetorrents.info,148843,12
2241.xyz,148715,20
sawtak.cn,148603,12
archive.is,148010,14
f.wonderfulday30.live,147503,14
youiv123.com,146859,27
order.mandarake.co.jp,146717,22
guangnianrensheng.cool,146634,12
shousibaocai.net,146510,13
miss148.com,146428,54
jerknsquirt.com,146158,55
bigfuck.tv,145924,70
52hj.info,145679,8
avhd101.com,145633,37
nl.pornhub.com,144976,34
porn18.cc,144878,40
xhamsterlive.com,144841,64
picuki.com,144841,14
wuso.me,144618,37
wupfile.com,144552,18
beautyleg.com,143952,25
highporn.net,143951,54
maxjav.com,143838,45
kakuyomu.jp,143505,14
tankrewards.asia,143498,10
porngo.com,143463,69
legs.a-hadaka.jp,143196,11
sexsimulator.com,143044,47
sexstories.com,143008,42
pics.javcdn.pw,143007,19
rt.pornhub.com,142951,23
prestige-av.com,142915,43
8comic.se,142808,7
cartoonpornvideos.com,142780,57
jp581.com,142772,31
tao.jiajiadeyi.com,142626,12
lemoncili.com,142461,9
crazyshit.com,142421,50
swzlm.com,142354,15
mixdrop.co,142325,19
landing1.brazzersnetwork.com,142169,60
gayporno.fm,142045,54
btdigg.biz,141641,12
xn--cckl0itdpc.jpn.com,141477,30
jiepaiyes.com,141460,9
xxbvideo.com,141288,12
letmejerk.com,141026,73
aa1802.com,140810,34
okfree.men,140238,10
tvboxnow.com,140113,16
youiv.tv,140078,45
ok.xxx,139711,76
comic.k-manga.jp,139672,19
japaneseasmr.com,139640,20
okbtkitty.cc,139622,11
cadslimz.com,139617,27
ice-gay.com,139577,65
2048files.net,139448,25
xcam.asia,139379,32
seiya-saiga.com,138791,31
sihaiba.com,138495,10
manganelo.com,138099,9
files.yande.re,137615,21
play.dlsite.com,137374,18
ahri-hentai.com,137292,19
xnxxfreeporn.xyz,137250,10
laoniubt.xyz,137065,7
live18aa.com,136996,53
rainkmc.com,136983,10
tumbex.com,136933,56
52av.one,136857,29
paste.itefix.net,136670,7
zlibz.com,136627,14
tibacta.com,136364,57
manyvids.com,136030,59
ci-en.dlsite.com,136016,22
nshens.com,135289,11
freeindianporn.mobi,135258,42
web-ace.jp,134988,11
dog.magnet236.xyz,134772,10
cuiweijuxs.org,134535,10
5278.cc,134517,19
mmwu.cc,134476,11
ancensored.com,134432,59
s.amebame.com,134055,9
tushy.com,133924,58
porn.biz,133888,71
xboyvids.com,133546,58
hentaiplay.net,133319,33
azp515.com,133171,39
video.eyny.com,133108,19
btdb.io,132824,17
clg.btdp.online,132577,12
i0.wp.com,132571,14
141hongkong.com,132525,24
asmr8.org,132492,6
cd.phncdn.com,131979,37
www3.javfun.me,131865,51
myvidster.com,131631,37
en.uesp.net,131587,6
nanrenu.com,131454,32
e.meituan.gq,131418,11
cdn.discordapp.com,130697,7
pinterest.co.kr,129908,7
topics.nintendo.co.jp,129756,6
mrporngeek.com,129743,66
banzhuer.org,128957,7
xcafe.com,128844,80
iyfnzgb.com,128824,13
161sex.com,128675,45
love100girl.com,128666,32
majeur.zawarudo.org,128656,11
p.mlss8.com,128585,13
gamespot.com,128566,6
mangadex.org,128517,8
380.tw,128407,34
somag.net,128201,8
zerochan.net,127847,12
sukebei.tordl.com,127790,26
landing.fakehub.com,127718,55
xvideos.love,127327,25
wowhead.com,127130,8
pornktube.porn,125864,49
i.pximg.net,125623,22
bowlroll.net,125490,15
worldofwarcraft.com,125161,7
pc-play.games.dmm.com,125020,12
tw.gigacircle.com,124609,15
vndb.org,124311,23
boobpedia.com,124257,73
maddawgjav.net,123933,37
hkbici.com,123611,11
forums.warframe.com,123441,8
entertainment14.net,123379,8
xxxfiles.com,123177,70
nyaa.net,123087,26
fap18.net,122926,67
torrentdownloads.me,122659,11
showa102.xyz,122099,39
bearteach.com,121898,8
javgrown.com,121858,43
r3sub.com,121670,7
sjadasd.com,121662,7
zekamashi.net,121580,13
avira.com,121492,8
gay-torrents.org,121435,40
javhoo.com,121371,61
laowang.icu,121309,8
tianqi.so.com,121180,6
javtorrent.re,121095,26
javfull.net,120963,51
thztv3.com,120825,11
myhd.tw,120258,19
go.moartraffic.com,120028,41
akb48matomemory.com,120016,12
niceporn.xxx,119939,56
etigoya955.blog49.fc2.com,119904,49
anyporn.com,119796,78
porn5f.com,119716,39
go141.com,119707,19
m.ruliweb.com,119692,8
fenun.cn,119425,25
i2.wp.com,118888,16
blog.acgcool.pw,118648,15
3.bp.blogspot.com,118548,21
jvid.com,118517,18
raider.io,118473,7
cilimao.icu,118383,8
gettyimages.com,118103,26
celeb.gate.cc,118091,53
gnn.gamer.com.tw,118085,9
hentaihand.com,117877,39
epbeast.com,117720,51
uzxun.cc,117652,6
av6k.com,117598,47
2.bp.blogspot.com,117590,20
fuli58.net,117322,24
dlsite.com.tw,117301,22
old.reddit.com,117138,7
filesmonster.com,116836,54
fullxxxvideos.net,116814,71
d4.wnacg.live,116785,16
wuxiaworld.com,116525,7
disqus.com,116496,8
granbluefantasy-campaign.mobage.jp,116406,9
imgfrost.net,116315,28
aaanovel.com,116314,79
hrka.cc,116006,10
taohuazu.cc,115907,13
gio.l98fzscq.xyz,115861,16
utaten.com,115783,9
znasmr.com,115774,8
horriblesubs.info,115616,10
julyporn.com,115357,34
trannyvideosxxx.com,115263,58
stripchat.com,114982,56
herexxx.com,114896,25
alamy.com,114623,9
imgbox.com,114472,50
bj.afreecatv.com,114382,10
gay0day.com,114280,63
m2.5y1rsxmzh.net,114102,12
revekit.com,113765,6
news.gamme.com.tw,113693,10
fr.pornhub.com,113585,42
btkitty.pet,113311,11
play.afreecatv.com,113114,9
bababa.live,112950,7
tower.jp,112245,6
4.bp.blogspot.com,111984,22
fc2.com,111623,26
gio.f4mcof85.com,111057,18
findit.keenwon.com,110913,6
erodude.net,110860,44
fc2fans.club,110706,23
mail.com,110585,8
cilizhu.online,110467,9
lady3.xyz,110359,10
sod.co.jp,110317,32
m.sports.naver.com,110202,6
novel18.syosetu.com,110185,19
steamuserimages-a.akamaihd.net,110140,8
cityheaven.net,110110,43
eos-53.com,110027,16
hentai01.com,109969,14
theync.com,109943,51
fanhao.mmdaren.com,109940,18
jin115.com,109675,9
wudusenlin002.com,109496,15
zhenhaotop.com,109288,21
gaypornforyou.com,109274,59
wiki.famitsu.com,109152,11
liuli.in,109108,14
torrentkittyurl.com,108875,23
btgat.com,108344,21
bejav.net,107908,44
bbs.ruliweb.com,107711,7
filejoker.net,107662,49
pokemori-yun.com,107660,9
redtube.net,107367,57
zhaijuhe.com,107131,7
clg.f6hx.site,107019,7
amlyu.com,106929,13
1024mm.me,106821,13
minnano-av.com,106551,48
gamecity.ne.jp,106537,12
18p2p.com,106465,16
youjizzfreeporn.xyz,106429,8
zhaoquanzhijia.com,105951,22
scontent-nrt1-1.cdninstagram.com,105919,16
takefile.link,105770,37
rarbgproxy.org,105598,13
db.kcwiki.org,105502,10
gramho.com,105091,8
tadown.com,104839,23
gbf.wiki,104829,7
myanimelist.net,104803,7
n.t9k.space,104748,11
50mtk.xyz,104655,32
h5.g123.jp,104535,8
pornpics.com,104535,78
helloavgirls.com,104519,44
skrbt2.xyz,104461,6
zhenaiwang.site,104300,11
r40z.com,104269,20
imgspice.com,104183,50
92ushi.info,103807,25
eromanga-mainichi.com,103560,39
kompoz.me,103367,69
baodigs.com,103046,13
stream-video-downloader.com,102673,13
pornmilo.com,102282,62
avwikich.com,102281,37
akashi-list.me,102219,11
vipergirls.to,102091,60
4horlover.com,101575,32
hk148forum.com,101377,27
xn--kcr83oa0924a.com,101362,8
javfinder.sh,101233,43
acg.gamer.com.tw,100993,6
gayhd.pro,100550,53
zhongzimao.com,100448,13
azstats.org,100384,9
sp.handycomic.jp,100293,30
xbookcn.com,100207,27
hentaimama.io,100062,41
popjav.tv,99963,39
swesomepop.com,99938,31
twishort.com,99924,26
imgclick.net,99676,39
openload.co,99594,19
avseesee.com,99262,48
capcom.co.jp,99151,10
sgcy.vip,99140,12
fanpai.net,98992,9
illusion.jp,98858,26
menworld.org,98782,10
4tube.com,98780,76
fep.sps-system.com,98758,7
clips4sale.com,98644,54
saveeditonline.com,98529,24
good-gay.com,98491,67
fulidang.com,98286,9
paipai22.com,98041,15
la4065.com,97886,63
gio.e77d73nm.net,97798,14
freesns.com,97797,12
mdpr.jp,97723,10
subyshare.com,97476,32
2184.xyz,97226,18
xhamsterpremium.com,96774,70
jav-free.org,96763,55
porndoe.com,96755,71
dengekionline.com,96357,9
livejasmin.com,96298,56
cur.best,96246,6
book.dmm.co.jp,96244,27
i.4cdn.org,96243,22
fboom.me,96033,58
guomoo.net,95906,6
fbdown.net,95862,13
hqbabes.com,95805,82
xiaoqiangwx.org,95758,10
hentaihaven.org,95704,43
sleazyneasy.com,95546,70
bloodmallet.com,95378,7
xuekb.com,95130,6
meizitu.com,95058,11
ypmate.com,94752,51
kundun1069.com,94703,51
forums.nexusmods.com,94695,6
nikkansports.com,94685,6
hentaigasm.com,94595,38
aklist.xyz,94489,7
18pornsex.com,94090,71
indexxx.com,93978,77
id.fc2cn.com,93963,28
h1g.jp,93818,12
named.com,93309,13
thebestfetishsites.com,93258,59
boyfriendtv.com,93217,56
trakt.tv,93040,6
komica.org,92934,9
868888.net,92757,9
adultfriendfinder.com,92727,35
hmanga1.xyz,92697,12
iafd.com,92654,65
javgogogo.com,92260,61
porntube.com,91997,75
aliphotos.ru,91903,26
jmvbt.com,91698,59
naughtyamerica.com,91513,64
multporn.net,91460,37
porzo.com,91380,73
mgate.xyz,91341,39
channels.vlive.tv,91305,7
donga.com,91097,7
hometeenorgy.com,90811,70
xvideos.co,90804,37
kkbj.top,90476,18
anysex.com,90431,80
bt-bank.org,90316,17
downloadgram.com,89987,7
xvideos3.com,89983,29
linktr.ee,89966,11
gounlimited.to,89940,35
track.afcpatrk.com,89687,20
cosjun.com,89406,15
animatetimes.com,89399,10
jp.playstation.com,89316,8
guangniandengta.org,89311,9
i-0v0.in,89149,14
kink.com,88888,73
fiu758.blog111.fc2.com,88825,36
ero-kawa.com,88800,55
refer.ccbill.com,88755,83
okbj.top,88521,22
tumblrgallery.com,88512,58
oreno-erohon.com,88390,31
hqq.tv,88370,13
hentaihaven.xxx,88330,33
2020guomo.com,88288,14
qwant.com,88214,6
444.coffee,88181,37
txxz01.me,87988,7
cs.sankakucomplex.com,87930,28
tuluowan.com,87869,19
093092.com,87855,45
6pueopc4.space,87709,22
account.nicovideo.jp,87639,11
javarchive.com,87527,38
yugioh-starlight.com,87517,17
imgdrive.net,87409,40
milffox.com,87380,78
ghjf.cc,87298,15
freebunker.com,87206,29
luna.komica.org,87104,10
mrdeepfakes.com,87098,40
bookwalker.jp,86881,12
sex169.org,86859,15
anzbooks.com,86766,23
tanks.gg,86710,14
ani.gamer.com.tw,86517,8
gadsims.com,86350,17
clg.hjn4.xyz,86198,15
bbs.white-plus.net,86136,16
pornbest.org,86100,35
17d.la,85893,19
288365.com,85781,27
bakufu.jp,85748,44
storiesig.com,85557,11
twpro.jp,85538,24
ssl.dlsite.com,85493,18
forumophilia.com,85121,72
yiff.party,85015,31
youtrannytube.com,84998,68
l.lavender64369.com,84855,68
f.w21.rocks,84713,16
forum.wnacg.com,84646,23
fc2livecn.com,84573,24
fuck-videos.xxx,84415,66
deepfakesporn.com,84270,33
123rf.com,84094,8
gdaily.org,84059,11
512zy0.com,83771,48
tv7788.online,83753,19
1pondo.tv,83594,49
gamy.jp,83591,10
bbs.xrmoo.com,83335,12
blog.esuteru.com,83325,10
boxofficemojo.com,83028,10
porndig.com,82846,74
secure.id.fc2id.com,82717,8
4gamer.net,82449,8
yugioh-wiki.net,82375,14
newgrounds.com,82322,22
komica2.net,81969,20
torrentkitty.cn,81875,10
idolfile.com,81810,38
nudevista.com,81743,67
madonna-av.com,81693,43
gamewikia.com,81671,7
fam-ad.com,81651,50
thefappeningblog.com,81643,47
bbs.1244.xyz,81638,18
drtuber.com,81597,75
ichiav.com,81569,51
out.easycounter.com,81347,13
1000jav.com,81266,58
hotmovs.com,81218,76
javout.net,81214,51
1069plaza.com,81179,40
pinflix.com,81176,72
magnetdl.me,81086,16
cnbtkitty.cc,81025,22
javgayplus.com,80956,38
cixiaoya.club,80944,7
javpornsurvey.com,80875,28
upstore.net,80780,52
magnetdl.com,80727,6
steamxo.com,80697,7
18teenporno.tv,80531,74
warframe.fandom.com,80284,9
2341.xyz,80271,16
toppornsites.com,80222,62
cn.torrentkitty.se,80211,14
bf4.axibug.com,80064,13
thz7.net,79957,9
xnxx.xxx,79865,55
tgirl.cc,79800,34
deeper.com,79738,60
easyporn.xxx,79700,73
p.purple6401.com,79688,48
magnetdl.cc,79575,20
idol.sankakucomplex.com,79523,28
javhihi.com,79418,46
games.dmm.com,79156,13
pornolab.net,79023,41
vignette.wikia.nocookie.net,78968,7
700.ylqq.xyz,78938,6
fellatiojapan.com,78853,70
mangaupdates.com,78772,8
never-stop-dating.com,78674,8
boyplaza.net,78522,35
syosetu.com,78366,13
maphuahin.com,78291,41
scre.swiki.jp,78275,14
bt.seekbt001.xyz,78267,11
88files.net,78111,37
a-upp.com,77884,12
icy-veins.com,77861,8
affect3d.com,77797,46
recordchina.co.jp,77778,9
pornleech.io,77602,43
hentaiverse.org,77560,20
jjgirls.com,77522,75
tordl.com,77298,23
18asiantube.com,76989,73
hdzog.com,76898,74
porndish.com,76854,55
cilimao.xyz,76799,12
fc2cn.com,76705,29
poe.trade,76651,7
dizhi.wtf,76642,8
btunt.com,76571,18
hkflash.com,76358,12
livechatfc2.com,76352,32
pornhubapparel.com,76346,31
xxx18.cc,76124,42
buhidoh.net,76071,28
tvtropes.org,75938,6
ja.porn-image-xxx.com,75938,49
base64decode.org,75915,8
easycounter.com,75877,21
caitabts4.com,75698,19
zh.nyahentai.com,75646,23
j-lyric.net,75584,6
cloudygirls.com,75568,69
eroges.com,75530,100
avdao.pw,75528,49
rule34hentai.net,75455,33
eromanga-time.com,75383,33
gayfun.net,75250,34
hentai2w.com,75175,55
x.9tz.cc,75134,20
news.dwango.jp,75108,16
pornav.co,75064,50
hello.fuckbook.tv,75060,40
guangnianyun.com,74959,19
vrporn.com,74942,58
collectionofbestporn.com,74866,73
garena.tw,74650,7
onlinevideoconverter.com,74626,8
r34anim.com,74477,48
tushyraw.com,74473,57
clg.nt6w.xyz,74463,7
zh.cam4.com,74325,33
x-idol.net,73952,34
myfigurecollection.net,73945,9
fuckthetube.com,73927,35
saveurl.kikinote.net,73915,17
1999.co.jp,73899,15
javhd.pro,73884,20
momon-ga.com,73815,43
1080.tw,73807,13
gaybeeg.info,73769,38
javhay.net,73656,45
secure.vend-o.com,73549,70
520cc.cc,73499,32
luscious.net,73472,46
tnaflix.com,73462,74
ero-nuki.net,73360,53
thepornmap.com,73358,70
extremetube.com,72920,73
pornmate.com,72885,66
wiki.denfaminicogamer.jp,72807,9
blgo999.net,72668,29
s1s1s1.com,72629,43
girlsheaven-job.net,72616,41
xn--icknowag8a8de9wpc5ff2k.gamewith.jp,72412,19
katestube.com,72395,70
www2.watchmygirlfriend.to,72344,28
jsczc.com,72297,39
flirt4free.com,72182,53
sanet.st,72181,15
adultdvdempire.com,71959,71
flashvd.com,71935,18
apkgamers.org,71756,13
ehwiki.org,71667,26
pan-pan.co,71648,56
zzcartoon.com,71583,66
zh.nyahentai.org,71541,10
blogjav.net,71449,34
31bz.org,71412,11
imgbabes.com,71359,25
acgmu.com,71235,11
livedoor.blogimg.jp,71176,18
videocyborg.com,71132,13
bigsta.net,71024,18
hcomic.in,70891,26
hdsex.org,70813,77
jav.rsearchengine.com,70811,46
anonfile.com,70799,9
hentai-foundry.com,70475,31
justindianporn.com,70342,51
asianssex.com,70306,64
fembed.com,70211,30
javdb3.com,70141,15
hancinema.net,69900,13
cartoon-sex.tv,69698,59
pornovideoshub.com,69610,63
xxxbios.com,69558,61
aminoapps.com,69292,7
tengminghong.cn,69280,7
gbf-wiki.com,69239,11
javbangers.com,69141,51
hentai-covers.site,69136,20
v2ph.com,69056,46
fun.key8.com,69013,21
fate-go.jp,68984,11
hclips.com,68963,68
asianwager.com,68778,11
world-fusigi.net,68752,9
myhd1080.tv,68684,17
pad.gungho.jp,68670,10
forum.hkgolden.com,68573,10
hiquer.com,68037,6
javhdfree.net,67977,44
us.forums.blizzard.com,67902,8
imagefap.com,67844,60
akiba-online.com,67651,43
kisscosplay.moe,67600,37
zycd.blog.fc2blog.us,67492,16
vod.afreecatv.com,67185,10
canonch.pro,67024,27
hegre.com,67000,53
login.dlsite.com,66978,24
x6av.com,66903,46
hunk-ch.com,66607,47
tenor.com,66604,8
muchohentai.com,66554,35
dlsoft.dmm.co.jp,66497,24
anime-sharing.com,66361,24
keezmovies.com,66348,75
ideapocket.com,66184,51
gamepedia.jp,66132,9
seiga.nicovideo.jp,66124,12
meirifulidaohang.com,65957,9
tenchunk.net,65923,14
map.yahoo.co.jp,65878,6
v.nrzj.vip,65814,20
xxxstreams.org,65768,63
rarbgto.org,65680,13
lewdzone.com,65627,35
goodsmile.info,65533,13
b.dlsite.net,65417,29
pathofexile.gamepedia.com,65404,8
fluidplayer.com,65285,56
lesmao.co,65281,24
mgstoo.com,65236,35
ikuuu.club,65229,12
kkpi.blog.fc2blog.us,65197,14
javmovie.com,65128,60
kvador.com,65092,33
fanfiction.net,65033,8
n2ch.net,64992,34
consent.yahoo.com,64711,11
vip7.567pan.com,64525,13
en.whotwi.com,64498,39
luck-ad.com,64453,17
yun.bianyue.cn,64131,8
entertain.naver.com,64102,7
porn-tube-club.com,64047,38
sexcelebrity.net,63914,32
hqtube.xxx,63896,73
anige-sokuhouvip.com,63873,13
gojav.xyz,63621,51
shadbase.com,63553,33
virtual-youtuber.userlocal.jp,63531,9
uncensoredleak.com,63363,47
cc5912.com,63301,35
hdpornfree.xxx,63181,66
vrcosplayx.com,63015,49
365shares.net,62995,22
netu.tv,62963,17
www3.watchmygirlfriend.to,62933,26
identity.flickr.com,62865,10
waybig.com,62856,54
v1.useurostudy.com,62772,24
theav.xyz,62683,50
new141.com,62640,38
oursogo.com,62429,27
gaytube.com,62080,72
xayah.top,62067,7
blog.livedoor.com,62053,10
dfjav.com,61952,60
heijie.me,61698,25
metart.com,61645,90
xjavporn.com,61493,56
rarbgtorrents.org,61448,12
fuzoku-move.net,61443,55
tubsexer.com,61272,73
jav.ink,61249,50
skytorrents.lol,61154,23
hotmovies.com,61014,77
fakku.net,60760,26
jb.xxbvideo.com,60686,17
windowssearch-exp.com,60668,15
imgtaxi.com,60573,34
gio.7ntvlq11.xyz,60532,11
kpopdeepfakes.net,60287,23
wahas.com,60281,38
contents.fc2.com,60149,45
comicmad.fun8.us,60087,11
imagefruit.com,59937,25
bi-si9.xyz,59889,12
ck101.com,59860,12
rexporn.com,59780,45
javfor.me,59659,55
na.cx,59408,10
sexart.com,59395,77
empornium.me,59269,31
unblockit.red,59269,8
livescore.co.kr,59203,8
ikfol.com,59130,8
javbus.org,59098,34
pirateproxy.uno,58700,7
hentai2read.com,58650,33
lpsg.com,58548,38
mgs-av.com,58447,32
youav.com,58437,42
airav.cc,58411,39
flashtranny.com,58229,75
javhub.net,58075,58
c.youblog.jp,58009,10
aa1801.com,57970,33
jizzbunker.com,57918,78
toy-people.com,57838,8
sokmil.com,57696,50
9xbuddy.in,57659,33
fbjav.com,57562,44
dmd.dog,57509,20
xhd.tw,57347,6
xl-gaytube.com,57331,75
