91PORN,72054805
1024核工厂,53824317
草榴社區,52953002
Pornhub,52752000
JavBus,35161007
XVIDEOS,28690253
2048核基地,19723279
AVMOO AVSOX AVMEMO,17512056
JavLibrary,16652224
AVHD101,16379623
色花堂,13493245
琉璃神社,9036087
桃花族论坛,8685491
幻想次元,8656213
喵绅士,7424620
魔性论坛,6610265
翻墙撸,6598262
南+ South Plus 北+ North Plus Lv+ Level Plus,6124580
E-Hentai ExHentai,5998046
司机会所,5756892
FANZA,5683200
比思論壇,4975942
Avgle,4463261
情色网站大全,4097704
第一会所,4048183
成人网站大全,3395995
紳士漫畫,3234916
SexInSex,3134442
紳士の庭,3111940
Netflav,2844990
DLsite,2830254
國模網,2813112
萌幻之乡,2773534
富二代国产,2638275
AV草,2551148
番号鸽,2231479
whichAV,2223058
绅士仓库,2173856
自拍核工厂,2140609
次元客,2083147
性吧,2040201
JAV MOST,2007432
JAV321,1973249
灵梦御所,1965083
绯月Galgame,1916990
爱弹幕,1881451
SEX169,1880557
Sukebei,1849458
Iwara,1786400
捷克論壇,1774864
